{
    "cREs" : {
	"DNase" : "#06DA93",
	"H3K27ac" : "#FFCD00",
	"H3K4me3" : "#FF0000",
	"CTCF" : "#00B0F0",
	"Inactive" : "#e1e1e1",
        "Unclassified" : "#8c8c8c",
	"NoData" : "#ffffff"
    },
    
    "trackhub" : {
	"distal_regions" : "#FFCD00",
	"distal_light_boundary" : "#FFEBC8",
	"proximal_regions" : "#FF0000",
	"proximal_light_boundary" : "#FFC8C8",
	"CTCF" : "#00B0F0",
	"ctcf" : "#00B0F0",
	"H3K27ac" : "#FFCD00",
	"h3k27ac" : "#FFCD00",
	"DNase" : "#06DA93",
	"dnase" : "#06DA93",
	"H3K4me3" : "#FF0000",
	"h3k4me3" : "#FF0000",
	"RNAseq" : "#00aa00",
	"RAMPAGE" : "#D642CA",
	"Conservation" : "#999999",
	"Genes" : "#000000"
    },
    "tissues": {
	"ESC": "#77FF44",
	"HSC" : "#77FF44",
	"adipose tissue": "#FFFF55",
	"adipose": "#FFFAF0",
	"adrenal gland" : "#BBAA44",
	"adrenal": "#FFA500",
	"bladder": "#C0C0C0",
	"blood vessel" : "#880000",
	"blood": "#880000",
	"bone element" : "#E3DAC9",
	"bone marrow": "#AACCAA",
	"bone" : "#BBAA44",
	"brain": "#AA8888",
	"breast": "#33AA00",
	"bronchus" : "#BBAA44",
	"cartilage" : "#BBAA44",
	"colon": "#AAAA55",
	"connective tissue" : "#BBAA44",
	"embryo": "#BBAA44",
	"embryonic facial prominence" : "#E7A1B0",
	"embryonic structure": "#AAAAFF",
	"epithelium": "#BBAA44",
	"esophagus" : "#BBAA44",
	"extraembryonic component": "#BBAA44",	
	"extraembryonic structure" : "#BBAA44",
	"eye": "#6600CC",
	"fat": "#FFFF55",
	"fibroblast": "#FA8072",
	"gonad" : "#BBAA44",
	"hair": "#A9A9A9",
	"heart": "#880055",
	"iPSC" : "#BBAA44",
	"intestine": "#9900AA",
	"kidney": "#77AABB",
	"large intestine" : "#BBAA44",
	"limb" : "#5cb85c",
	"liver": "#884400",
	"lung": "#CCCCCC",
	"lymphatic vessel" : "#BBAA44",
	"lymphoid" : "#BBAA44",
	"mammary gland" : "#BBAA44",
	"mammary": "#991111",
	"mouth" : "#BBAA44",
	"muscle organ" : "#BBAA44",
	"muscle": "#119911",
	"musculature of body": "#119911",
	"myometrium" : "#BBAA44",
	"nervous system" : "#BBAA44",
	"neural tube": "#AA8888",
	"olfactory organ" : "#BBAA44",
	"ovary": "#D3D3D3",
	"pancreas": "#AA88AA",
	"penis": "#00AA88",
	"placenta": "#FF9977",
	"prostate gland" : "#00AA88",
	"prostate": "#00AA88",
	"skin of body" : "#BBAA44",
	"skin": "#BBAA44",
	"small intestine": "#9900AA",
	"spinal cord" : "#BBAA44",
	"spleen" : "#BBAA44",
	"stomach": "#44AAFF",
	"testis": "#BC8F8F",
	"thymus" : "#E7A1B0",
	"thyroid gland" : "#BBAA44",
	"thyroid": "#CD5C5C",
	"tongue" : "#F27882",
	"trachea" : "#BBAA44",
	"umbilical cord": "#800080",
	"urinary bladder" : "#BBAA44",
	"ureter" : "#BBAA44",
	"uterus": "#990033",
	"vagina" : "#BBAA44",
	"vasculature": "#880000"
    }
}
