{"C57BL/6_lung_embryo_16.5_days": {"life_stage": "embryonic", "h3k4me3": ["ENCSR295PFM", "ENCFF389JEL"], "tissue": ["lung"], "h3k27ac": ["ENCSR140UEX", "ENCFF681GAF"], "biosample_type": "tissue"}, "C57BL/6_ES-Bruce4": {"life_stage": "embryonic", "h3k4me3": ["ENCSR000CBG", "ENCFF363JJV"], "tissue": ["ES-Bruce4"], "h3k27ac": ["ENCSR000CDE", "ENCFF124CBV"], "biosample_type": "cell line"}, "C57BL/6_splenic_B_cell_male_adult_8_weeks": {"life_stage": "adult", "tissue": ["blood"], "biosample_type": "primary cell", "dnase": ["ENCSR000CMN", "ENCFF798VSP"]}, "CD-1_c-Kit-negative_CD71-positive_TER-119-positive_erythroid_progenitor_cells_male_embryo_14.5_days": {"life_stage": "embryonic", "tissue": [""], "biosample_type": "primary cell", "dnase": ["ENCSR000CMR", "ENCFF990TBH"]}, "C57BL/6_retina_male_adult_8_weeks": {"life_stage": "adult", "tissue": ["retina"], "biosample_type": "tissue", "dnase": ["ENCSR000CNW", "ENCFF259ZNG"]}, "C57BL/6_heart_embryo_10.5_days": {"h3k4me3": ["ENCSR782DEA", "ENCFF889KFS"], "h3k27ac": ["ENCSR582SPN", "ENCFF222TEU"], "dnase": ["ENCSR749ILN", "ENCFF071TLE"], "life_stage": "embryonic", "tissue": ["heart"], "biosample_type": "tissue"}, "C57BL/6_neural_tube_embryo_15.5_days": {"life_stage": "embryonic", "h3k4me3": ["ENCSR044SNE", "ENCFF030BTL"], "tissue": ["neural"], "h3k27ac": ["ENCSR241BSK", "ENCFF789UMC"], "biosample_type": "tissue"}, "CD-1_erythroblast_embryo_14.5_days": {"life_stage": "embryonic", "h3k4me3": ["ENCSR000DHG", "ENCFF612WPA"], "tissue": [""], "biosample_type": "primary cell"}, "C57BL/6_kidney_male_adult_8_weeks": {"h3k4me3": ["ENCSR000CAN", "ENCFF177YGH"], "h3k27ac": ["ENCSR000CDG", "ENCFF188DKO"], "dnase": ["ENCSR000CNG", "ENCFF561HSI"], "life_stage": "adult", "tissue": ["kidney"], "biosample_type": "tissue"}, "WW6": {"life_stage": "embryonic", "tissue": [""], "biosample_type": "cell line", "dnase": ["ENCSR000CMX", "ENCFF974BRL"]}, "C57BL/6_R1": {"life_stage": "embryonic", "tissue": ["R1"], "biosample_type": "cell line", "dnase": ["ENCSR319PWR", "ENCFF729TAB"]}, "C57BL/6_heart_embryo_14.5_days": {"life_stage": "embryonic", "h3k4me3": ["ENCSR052CDF", "ENCFF774GGS"], "tissue": ["heart"], "h3k27ac": ["ENCSR360ANE", "ENCFF689PCR"], "biosample_type": "tissue"}, "C57BL/6_midbrain_embryo_15.5_days": {"life_stage": "embryonic", "h3k4me3": ["ENCSR486MHP", "ENCFF724CMA"], "tissue": ["midbrain"], "h3k27ac": ["ENCSR428GHF", "ENCFF616CNP"], "biosample_type": "tissue"}, "C57BL/6_liver_embryo_13.5_days": {"life_stage": "embryonic", "h3k4me3": ["ENCSR985UTP", "ENCFF068KSP"], "tissue": ["liver"], "h3k27ac": ["ENCSR175KBJ", "ENCFF289PYS"], "biosample_type": "tissue"}, "C57BL/6_hindbrain_embryo_13.5_days": {"life_stage": "embryonic", "h3k4me3": ["ENCSR315ZEU", "ENCFF356LUU"], "tissue": ["hindbrain"], "h3k27ac": ["ENCSR344HHI", "ENCFF923TVC"], "biosample_type": "tissue"}, "C57BL/6_embryonic_facial_prominence_embryo_14.5_days": {"h3k4me3": ["ENCSR059LYY", "ENCFF312WJP"], "h3k27ac": ["ENCSR481SGM", "ENCFF071HGW"], "dnase": ["ENCSR959HKR", "ENCFF580UUE"], "life_stage": "embryonic", "tissue": ["facial prominence"], "biosample_type": "tissue"}, "CD-1_embryoid_body_male_embryo_11.5_days": {"life_stage": "embryonic", "tissue": [""], "biosample_type": "tissue", "dnase": ["ENCSR000CND", "ENCFF227XDD"]}, "C57BL/6_yolk_sac_embryo_10.5_days": {"life_stage": "embryonic", "tissue": ["yolk"], "biosample_type": "tissue", "dnase": ["ENCSR894HWV", "ENCFF353HPD"]}, "C57BL/6_stomach_embryo_16.5_days": {"life_stage": "embryonic", "h3k4me3": ["ENCSR684UWM", "ENCFF309WXH"], "tissue": ["stomach"], "h3k27ac": ["ENCSR546ANT", "ENCFF069OMF"], "biosample_type": "tissue"}, "DBA/2_erythroblast_derived_from_MEL-GATA-1-ER_treated_with_estradiol_2_day_diff": {"life_stage": "adult", "tissue": [""], "biosample_type": "in vitro differentiated cells", "dnase": ["ENCSR000CNR", "ENCFF178FCM"]}, "C57BL/6_fat_pad_male_adult_8_weeks": {"life_stage": "adult", "tissue": ["fat"], "biosample_type": "tissue", "dnase": ["ENCSR000CMZ", "ENCFF243REK"]}, "C57BL/6_neural_tube_embryo_10.5_days": {"life_stage": "embryonic", "tissue": ["neural"], "biosample_type": "tissue", "dnase": ["ENCSR661GMU", "ENCFF945EBN"]}, "BALB/cAnN_A20": {"life_stage": "adult", "tissue": ["bodily fluid"], "biosample_type": "cell line", "dnase": ["ENCSR000CML", "ENCFF695LHM"]}, "C57BL/6_fibroblast_male_adult_8_weeks": {"life_stage": "adult", "tissue": ["fibroblast"], "biosample_type": "primary cell", "dnase": ["ENCSR000CNA", "ENCFF391SPW"]}, "M.spretus_x_C57BL/6J_Patski": {"life_stage": "adult", "tissue": ["x"], "biosample_type": "cell line", "dnase": ["ENCSR000CNT", "ENCFF632WLC"]}, "C57BL/6_large_intestine_male_adult_8_weeks": {"life_stage": "adult", "tissue": ["intestine"], "biosample_type": "tissue", "dnase": ["ENCSR000CNH", "ENCFF650OFZ"]}, "C57BL/6_forebrain_postnatal_0_days": {"h3k4me3": ["ENCSR258YWW", "ENCFF330NUS"], "h3k27ac": ["ENCSR094TTT", "ENCFF835DLZ"], "dnase": ["ENCSR791AJY", "ENCFF684BQC"], "life_stage": "adult", "tissue": ["forebrain"], "biosample_type": "tissue"}, "C57BL/6_hindbrain_embryo_14.5_days": {"h3k4me3": ["ENCSR185JBL", "ENCFF837LYE"], "h3k27ac": ["ENCSR054JHZ", "ENCFF774AQE"], "dnase": ["ENCSR179PIH", "ENCFF107NBQ"], "life_stage": "embryonic", "tissue": ["hindbrain"], "biosample_type": "tissue"}, "C57BL/6_testis_male_adult_8_weeks": {"life_stage": "adult", "h3k4me3": ["ENCSR000CCW", "ENCFF147BMC"], "tissue": ["testis"], "h3k27ac": ["ENCSR000CCU", "ENCFF572JFH"], "biosample_type": "tissue"}, "C57BL/6_induced_T-regulatory_cell_male_adult_8_weeks": {"life_stage": "adult", "tissue": ["induced"], "biosample_type": "primary cell", "dnase": ["ENCSR000COD", "ENCFF242YCJ"]}, "DBA/2_MEL_cell_line_treated_with_zinc_dichloride": {"life_stage": "adult", "tissue": ["immune organ"], "biosample_type": "cell line", "dnase": ["ENCSR372SMH", "ENCFF963PGF"]}, "C57BL/6_forebrain_embryo_14.5_days": {"h3k4me3": ["ENCSR172XOZ", "ENCFF465QRZ"], "h3k27ac": ["ENCSR320EEW", "ENCFF527FOD"], "dnase": ["ENCSR337EDG", "ENCFF149TTQ"], "life_stage": "embryonic", "tissue": ["forebrain"], "biosample_type": "tissue"}, "C57BL/6_limb_embryo_12.5_days": {"life_stage": "embryonic", "h3k4me3": ["ENCSR938MUD", "ENCFF840MYF"], "tissue": ["limb"], "h3k27ac": ["ENCSR737QWV", "ENCFF008XYM"], "biosample_type": "tissue"}, "DBA/2_MEL-GATA-1-ER": {"life_stage": "adult", "tissue": ["bodily fluid"], "biosample_type": "cell line", "dnase": ["ENCSR000CNP", "ENCFF223QRV"]}, "C57BL/6_CD4-positive_helper_T_cell_male_adult_8_weeks": {"life_stage": "adult", "tissue": ["blood"], "biosample_type": "primary cell", "dnase": ["ENCSR000COA", "ENCFF896PZK"]}, "C57BL/6_hindbrain_embryo_16.5_days": {"life_stage": "embryonic", "h3k4me3": ["ENCSR110TIW", "ENCFF959NHK"], "tissue": ["hindbrain"], "h3k27ac": ["ENCSR797EYS", "ENCFF011VMX"], "biosample_type": "tissue"}, "C57BL/6_bone_marrow_male_adult_8_weeks": {"life_stage": "adult", "h3k4me3": ["ENCSR000CAH", "ENCFF620KTZ"], "tissue": ["bone"], "h3k27ac": ["ENCSR000CCL", "ENCFF692OFZ"], "biosample_type": "tissue"}, "C57BL/6_hindbrain_postnatal_0_days": {"h3k4me3": ["ENCSR472YGQ", "ENCFF669USU"], "h3k27ac": ["ENCSR332JYZ", "ENCFF665WCP"], "dnase": ["ENCSR469VGZ", "ENCFF283WGI"], "life_stage": "adult", "tissue": ["hindbrain"], "biosample_type": "tissue"}, "C57BL/6_intestine_embryo_14.5_days": {"h3k4me3": ["ENCSR464MQU", "ENCFF751FCH"], "h3k27ac": ["ENCSR424END", "ENCFF251XZW"], "dnase": ["ENCSR655WKX", "ENCFF622EDP"], "life_stage": "embryonic", "tissue": ["intestine"], "biosample_type": "tissue"}, "C57BL/6_kidney_embryo_14.5_days": {"life_stage": "embryonic", "h3k4me3": ["ENCSR669AQL", "ENCFF696ITD"], "tissue": ["kidney"], "h3k27ac": ["ENCSR057SHA", "ENCFF298GLI"], "biosample_type": "tissue"}, "C57BL/6_liver_embryo_14.5_days": {"life_stage": "embryonic", "h3k4me3": ["ENCSR433ESG", "ENCFF118SNE"], "tissue": ["liver"], "h3k27ac": ["ENCSR000CDU", "ENCFF506KCT"], "biosample_type": "tissue"}, "C57BL/6_embryo_embryo_11_day": {"life_stage": "embryonic", "tissue": ["C57BL/6"], "biosample_type": "tissue", "dnase": ["ENCSR774TQO", "ENCFF846VXR"]}, "C57BL/6_heart_male_adult_8_weeks": {"h3k4me3": ["ENCSR000CAM", "ENCFF118SXS"], "h3k27ac": ["ENCSR000CDF", "ENCFF691YDA"], "dnase": ["ENCSR000CNE", "ENCFF773NKY"], "life_stage": "adult", "tissue": ["heart"], "biosample_type": "tissue"}, "129_ZHBTc4-mESC_treated_with_100_ng/mL_doxycycline_hyclate_for_24_hours": {"life_stage": "embryonic", "tissue": [""], "biosample_type": "cell line", "dnase": ["ENCSR000COI", "ENCFF448ZJM"]}, "C57BL/6_intestine_embryo_16.5_days": {"life_stage": "embryonic", "h3k4me3": ["ENCSR572KYR", "ENCFF029WVD"], "tissue": ["intestine"], "h3k27ac": ["ENCSR639DND", "ENCFF829GXB"], "biosample_type": "tissue"}, "C57BL/6_forebrain_embryo_16.5_days": {"life_stage": "embryonic", "h3k4me3": ["ENCSR129DIK", "ENCFF041JZL"], "tissue": ["forebrain"], "h3k27ac": ["ENCSR428OEK", "ENCFF826KEG"], "biosample_type": "tissue"}, "C57BL/6_embryonic_fibroblast_male_embryo_13.5_weeks": {"life_stage": "embryonic", "h3k4me3": ["ENCSR000CBA", "ENCFF379VFT"], "tissue": ["fibroblast"], "h3k27ac": ["ENCSR000CDI", "ENCFF387JGJ"], "biosample_type": "primary cell"}, "CD-1_c-Kit-positive_CD71-positive_TER-119-negative_erythroid_progenitor_cells_male_embryo_14.5_days": {"life_stage": "embryonic", "tissue": [""], "biosample_type": "primary cell", "dnase": ["ENCSR000CMT", "ENCFF680ZTZ"]}, "B10.H-2aH-4bp/Wts_CH12.LX": {"h3k4me3": ["ENCSR000DHU", "ENCFF288OKN"], "h3k27ac": ["ENCSR000CGJ", "ENCFF867PYD"], "dnase": ["ENCSR000CMQ", "ENCFF682RGY"], "life_stage": "adult", "tissue": ["bodily fluid"], "biosample_type": "cell line"}, "G1E-ER4": {"life_stage": "adult", "h3k4me3": ["ENCSR000DIW", "ENCFF299BAW"], "tissue": [""], "biosample_type": "cell line"}, "C57BL/6_heart_embryo_13.5_days": {"life_stage": "embryonic", "h3k4me3": ["ENCSR501GBJ", "ENCFF054NVM"], "tissue": ["heart"], "h3k27ac": ["ENCSR699XHY", "ENCFF870SQY"], "biosample_type": "tissue"}, "C57BL/6_stomach_postnatal_0_days": {"h3k4me3": ["ENCSR916CBN", "ENCFF703KOJ"], "h3k27ac": ["ENCSR346FJG", "ENCFF224LDB"], "dnase": ["ENCSR969OPE", "ENCFF197TQR"], "life_stage": "adult", "tissue": ["stomach"], "biosample_type": "tissue"}, "C57BL/6_forebrain_embryo_10.5_days": {"h3k4me3": ["ENCSR368RJD", "ENCFF149KHB"], "h3k27ac": ["ENCSR825ZJV", "ENCFF266KHC"], "dnase": ["ENCSR756SPS", "ENCFF247KMU"], "life_stage": "embryonic", "tissue": ["forebrain"], "biosample_type": "tissue"}, "C57BL/6_neural_tube_embryo_13.5_days": {"life_stage": "embryonic", "h3k4me3": ["ENCSR704IWS", "ENCFF293PAY"], "tissue": ["neural"], "h3k27ac": ["ENCSR289SWJ", "ENCFF066PYN"], "biosample_type": "tissue"}, "CD-1_c-Kit-positive_CD71-negative_TER-119-negative_erythroid_progenitor_cells_male_embryo_14.5_days": {"life_stage": "embryonic", "tissue": [""], "biosample_type": "primary cell", "dnase": ["ENCSR000CMS", "ENCFF443PWY"]}, "C57BL/6_Muller_cell_postnatal_12_days": {"life_stage": "adult", "tissue": ["Muller"], "biosample_type": "primary cell", "dnase": ["ENCSR666HFH", "ENCFF586XFN"]}, "DBA/2_erythroblast_derived_from_MEL-GATA-1-ER_treated_with_estradiol_1_day_diff": {"life_stage": "adult", "tissue": [""], "biosample_type": "in vitro differentiated cells", "dnase": ["ENCSR000CNQ", "ENCFF516XER"]}, "C57BL/6_liver_embryo_12.5_days": {"life_stage": "embryonic", "h3k4me3": ["ENCSR471SJG", "ENCFF487TJN"], "tissue": ["liver"], "h3k27ac": ["ENCSR136GMT", "ENCFF285ZJD"], "biosample_type": "tissue"}, "C57BL/6_cortical_plate_male_adult_8_weeks": {"life_stage": "adult", "h3k4me3": ["ENCSR000CAJ", "ENCFF652BWR"], "tissue": ["cortical"], "h3k27ac": ["ENCSR000CDD", "ENCFF619CVT"], "biosample_type": "tissue"}, "C57BL/6_cerebellum_male_adult_8_weeks": {"h3k4me3": ["ENCSR000CAK", "ENCFF288SAJ"], "h3k27ac": ["ENCSR000CDC", "ENCFF234IJR"], "dnase": ["ENCSR000CMO", "ENCFF474GND"], "life_stage": "adult", "tissue": ["cerebellum"], "biosample_type": "tissue"}, "C57BL/6_kidney_embryo_15.5_days": {"life_stage": "embryonic", "h3k4me3": ["ENCSR320UJD", "ENCFF354BAJ"], "tissue": ["kidney"], "h3k27ac": ["ENCSR711SVB", "ENCFF297RMH"], "biosample_type": "tissue"}, "C57BL/6_hindbrain_embryo_11.5_days": {"h3k4me3": ["ENCSR928CYU", "ENCFF703BHN"], "h3k27ac": ["ENCSR129LAP", "ENCFF177SVC"], "dnase": ["ENCSR358ESL", "ENCFF943PHW"], "life_stage": "embryonic", "tissue": ["hindbrain"], "biosample_type": "tissue"}, "C57BL/6_liver_embryo_15.5_days": {"life_stage": "embryonic", "h3k4me3": ["ENCSR577SDJ", "ENCFF960DLF"], "tissue": ["liver"], "h3k27ac": ["ENCSR479LFP", "ENCFF290NHP"], "biosample_type": "tissue"}, "C57BL/6_liver_embryo_11.5_days": {"h3k4me3": ["ENCSR447DOF", "ENCFF053JUA"], "h3k27ac": ["ENCSR058DOA", "ENCFF274AWM"], "dnase": ["ENCSR561FZE", "ENCFF076VZF"], "life_stage": "embryonic", "tissue": ["liver"], "biosample_type": "tissue"}, "C57BL/6_gonadal_fat_pad_male_adult_8_weeks": {"life_stage": "adult", "tissue": ["gonadal"], "biosample_type": "tissue", "dnase": ["ENCSR000CNC", "ENCFF090NJT"]}, "C3H_C2C12": {"life_stage": "adult", "h3k4me3": ["ENCSR000AHO", "ENCFF436ZSV"], "tissue": [""], "biosample_type": "cell line"}, "C57BL/6_liver_male_adult_8_weeks": {"life_stage": "adult", "h3k4me3": ["ENCSR000CAP", "ENCFF753IXB"], "tissue": ["liver"], "h3k27ac": ["ENCSR000CDH", "ENCFF632VNQ"], "biosample_type": "tissue"}, "C57BL/6_olfactory_bulb_male_adult_8_weeks": {"life_stage": "adult", "h3k4me3": ["ENCSR000CDS", "ENCFF069XTE"], "tissue": ["olfactory"], "h3k27ac": ["ENCSR000CCE", "ENCFF669DNL"], "biosample_type": "tissue"}, "C57BL/6_embryo_embryo_10.5_days": {"life_stage": "embryonic", "tissue": ["C57BL/6"], "biosample_type": "tissue", "dnase": ["ENCSR172RHR", "ENCFF829UGS"]}, "C57BL/6_heart_embryo_16.5_days": {"life_stage": "embryonic", "h3k4me3": ["ENCSR119YTR", "ENCFF808VAT"], "tissue": ["heart"], "h3k27ac": ["ENCSR846PJO", "ENCFF801FFG"], "biosample_type": "tissue"}, "C57BL/6_midbrain_embryo_10.5_days": {"h3k4me3": ["ENCSR581EJK", "ENCFF197CLN"], "h3k27ac": ["ENCSR989LUY", "ENCFF773NIS"], "dnase": ["ENCSR773SAG", "ENCFF327SCP"], "life_stage": "embryonic", "tissue": ["midbrain"], "biosample_type": "tissue"}, "C57BL/6_neural_tube_embryo_14.5_days": {"life_stage": "embryonic", "h3k4me3": ["ENCSR093BYV", "ENCFF229GJB"], "tissue": ["neural"], "h3k27ac": ["ENCSR265NBM", "ENCFF494OOQ"], "biosample_type": "tissue"}, "C57BL/6_heart_embryo_11.5_days": {"h3k4me3": ["ENCSR592GQI", "ENCFF564SDZ"], "h3k27ac": ["ENCSR222IHX", "ENCFF305IHU"], "dnase": ["ENCSR932SBO", "ENCFF503WJK"], "life_stage": "embryonic", "tissue": ["heart"], "biosample_type": "tissue"}, "C57BL/6_limb_embryo_14.5_days": {"h3k4me3": ["ENCSR176BXC", "ENCFF994FKT"], "h3k27ac": ["ENCSR021ALF", "ENCFF538TEQ"], "dnase": ["ENCSR636NXY", "ENCFF890IPV"], "life_stage": "embryonic", "tissue": ["limb"], "biosample_type": "tissue"}, "129_ES-CJ7": {"life_stage": "embryonic", "tissue": [""], "biosample_type": "cell line", "dnase": ["ENCSR000CMV", "ENCFF680PQC"]}, "C57BL/6_kidney_embryo_16.5_days": {"life_stage": "embryonic", "h3k4me3": ["ENCSR953HNY", "ENCFF455WJT"], "tissue": ["kidney"], "h3k27ac": ["ENCSR357JII", "ENCFF132TLS"], "biosample_type": "tissue"}, "C57BL/6_liver_embryo_10.5_days": {"life_stage": "embryonic", "tissue": ["liver"], "biosample_type": "tissue", "dnase": ["ENCSR130PUN", "ENCFF344FCM"]}, "C57BL/6_lung_embryo_14.5_days": {"h3k4me3": ["ENCSR839WFP", "ENCFF916AGC"], "h3k27ac": ["ENCSR452WYC", "ENCFF173XOV"], "dnase": ["ENCSR742DUR", "ENCFF043UNG"], "life_stage": "embryonic", "tissue": ["lung"], "biosample_type": "tissue"}, "NIH/Swiss_NIH3T3": {"life_stage": "adult", "tissue": ["embryo"], "biosample_type": "cell line", "dnase": ["ENCSR000CNS", "ENCFF950ALJ"]}, "C57BL/6_heart_postnatal_0_days": {"h3k4me3": ["ENCSR875ZAO", "ENCFF104GKL"], "h3k27ac": ["ENCSR675HDX", "ENCFF804EYG"], "dnase": ["ENCSR005WPU", "ENCFF513QAB"], "life_stage": "adult", "tissue": ["heart"], "biosample_type": "tissue"}, "CD-1_c-Kit-positive_CD71-positive_TER-119-positive_erythroid_progenitor_cells_male_embryo_14.5_days": {"life_stage": "embryonic", "tissue": [""], "biosample_type": "primary cell", "dnase": ["ENCSR000CMU", "ENCFF649DYS"]}, "C57BL/6_intestine_embryo_15.5_days": {"life_stage": "embryonic", "h3k4me3": ["ENCSR410YIY", "ENCFF525EWD"], "tissue": ["intestine"], "h3k27ac": ["ENCSR599GVS", "ENCFF803SVJ"], "biosample_type": "tissue"}, "C57BL/6_midbrain_postnatal_0_days": {"h3k4me3": ["ENCSR427ZJU", "ENCFF339HOE"], "h3k27ac": ["ENCSR672ZXY", "ENCFF961KLD"], "dnase": ["ENCSR767AJS", "ENCFF610ONZ"], "life_stage": "adult", "tissue": ["midbrain"], "biosample_type": "tissue"}, "C57BL/6_hindbrain_embryo_12.5_days": {"life_stage": "embryonic", "h3k4me3": ["ENCSR158ONM", "ENCFF493WPM"], "tissue": ["hindbrain"], "h3k27ac": ["ENCSR784TLR", "ENCFF631JYQ"], "biosample_type": "tissue"}, "C3H_myocyte_originated_from_C2C12": {"life_stage": "adult", "h3k4me3": ["ENCSR000AHT", "ENCFF518CXM"], "tissue": [""], "biosample_type": "in vitro differentiated cells"}, "129.DLCR_liver_male_embryo_14.5_days": {"life_stage": "embryonic", "tissue": ["liver"], "biosample_type": "tissue", "dnase": ["ENCSR000CNK", "ENCFF906XJY"]}, "CD-1_hindlimb_bud_male_embryo_11.5_days": {"life_stage": "embryonic", "tissue": [""], "biosample_type": "tissue", "dnase": ["ENCSR000CNF", "ENCFF037VPV"]}, "C57BL/6_embryo_embryo_10_days": {"life_stage": "embryonic", "tissue": ["C57BL/6"], "biosample_type": "tissue", "dnase": ["ENCSR723IXU", "ENCFF894XDN"]}, "C57BL/6_limb_embryo_13.5_days": {"life_stage": "embryonic", "h3k4me3": ["ENCSR416OYH", "ENCFF856ZXY"], "tissue": ["limb"], "h3k27ac": ["ENCSR905FFU", "ENCFF402FVP"], "biosample_type": "tissue"}, "C57BL/6_brain_male_embryo_18.5_days": {"life_stage": "embryonic", "tissue": ["brain"], "biosample_type": "tissue", "dnase": ["ENCSR000COG", "ENCFF333MPS"]}, "C57BL/6_embryonic_facial_prominence_embryo_11.5_days": {"h3k4me3": ["ENCSR320CCJ", "ENCFF627ZLA"], "h3k27ac": ["ENCSR401GRX", "ENCFF089IXS"], "dnase": ["ENCSR196VDE", "ENCFF311WRA"], "life_stage": "embryonic", "tissue": ["facial prominence"], "biosample_type": "tissue"}, "C57BL/6_lung_male_adult_8_weeks": {"life_stage": "adult", "h3k4me3": ["ENCSR000CAR", "ENCFF944BPE"], "tissue": ["lung"], "biosample_type": "tissue"}, "C57BL/6_bone_marrow_macrophage_male_adult_8_weeks": {"life_stage": "adult", "h3k4me3": ["ENCSR000CFF", "ENCFF186XGM"], "tissue": ["bone"], "h3k27ac": ["ENCSR000CFD", "ENCFF668SMR"], "biosample_type": "primary cell"}, "C57BL/6_midbrain_embryo_12.5_days": {"life_stage": "embryonic", "h3k4me3": ["ENCSR554TSO", "ENCFF682ZKK"], "tissue": ["midbrain"], "h3k27ac": ["ENCSR252ONR", "ENCFF406MDW"], "biosample_type": "tissue"}, "C57BL/6_limb_embryo_15.5_days": {"life_stage": "embryonic", "h3k4me3": ["ENCSR244ASF", "ENCFF205JZO"], "tissue": ["limb"], "h3k27ac": ["ENCSR988BRP", "ENCFF199SCG"], "biosample_type": "tissue"}, "129_G1E": {"life_stage": "adult", "h3k4me3": ["ENCSR000DIX", "ENCFF249XCU"], "tissue": [""], "biosample_type": "cell line"}, "C57BL/6_hindbrain_embryo_10.5_days": {"h3k4me3": ["ENCSR731KRE", "ENCFF863DGY"], "h3k27ac": ["ENCSR594JGI", "ENCFF782RAO"], "dnase": ["ENCSR289BTM", "ENCFF888LAZ"], "life_stage": "embryonic", "tissue": ["hindbrain"], "biosample_type": "tissue"}, "C57BL/6_thymus_male_adult_8_weeks": {"h3k4me3": ["ENCSR000CCJ", "ENCFF810PIW"], "h3k27ac": ["ENCSR000CCH", "ENCFF354DWX"], "dnase": ["ENCSR000COB", "ENCFF540HLI"], "life_stage": "adult", "tissue": ["thymus"], "biosample_type": "tissue"}, "C57BL/6_MN1": {"life_stage": "adult", "tissue": ["MN1"], "biosample_type": "cell line", "dnase": ["ENCSR732IZK", "ENCFF919AUF"]}, "C57BL/6_liver_embryo_16.5_days": {"life_stage": "embryonic", "h3k4me3": ["ENCSR252GKD", "ENCFF315VST"], "tissue": ["liver"], "h3k27ac": ["ENCSR802RET", "ENCFF526VAG"], "biosample_type": "tissue"}, "C57BL/6_neural_tube_embryo_12.5_days": {"life_stage": "embryonic", "h3k4me3": ["ENCSR538SRO", "ENCFF552KFS"], "tissue": ["neural"], "h3k27ac": ["ENCSR891SAW", "ENCFF704GSX"], "biosample_type": "tissue"}, "B6D2F1/J_416B": {"life_stage": "adult", "tissue": ["bodily fluid"], "biosample_type": "cell line", "dnase": ["ENCSR000CMK", "ENCFF866ZTV"]}, "C57BL/6_stomach_embryo_15.5_days": {"life_stage": "embryonic", "h3k4me3": ["ENCSR522LXN", "ENCFF180VGZ"], "tissue": ["stomach"], "h3k27ac": ["ENCSR929SEW", "ENCFF604BOY"], "biosample_type": "tissue"}, "C57BL/6_embryo_embryo_9.5_days": {"life_stage": "embryonic", "tissue": ["C57BL/6"], "biosample_type": "tissue", "dnase": ["ENCSR687JCD", "ENCFF363ULE"]}, "C57BL/6_forebrain_embryo_12.5_days": {"life_stage": "embryonic", "h3k4me3": ["ENCSR527EUE", "ENCFF178JLS"], "tissue": ["forebrain"], "h3k27ac": ["ENCSR966AIB", "ENCFF541IJI"], "biosample_type": "tissue"}, "129_ZHBTc4-mESC_treated_with_doxycycline_hyclate": {"life_stage": "embryonic", "tissue": [""], "biosample_type": "cell line", "dnase": ["ENCSR000COJ", "ENCFF825ZVT"]}, "C57BL/6_intestine_postnatal_0_days": {"life_stage": "adult", "h3k4me3": ["ENCSR198ACZ", "ENCFF115TVW"], "tissue": ["intestine"], "h3k27ac": ["ENCSR642VYW", "ENCFF512TCI"], "biosample_type": "tissue"}, "C57BL/6_embryonic_facial_prominence_embryo_12.5_days": {"life_stage": "embryonic", "h3k4me3": ["ENCSR106QSU", "ENCFF508WCS"], "tissue": ["facial prominence"], "h3k27ac": ["ENCSR813SCQ", "ENCFF596BHZ"], "biosample_type": "tissue"}, "129_E14TG2a.4": {"life_stage": "embryonic", "h3k4me3": ["ENCSR212KGS", "ENCFF469DBC"], "tissue": [""], "biosample_type": "cell line"}, "CD-1_mesoderm_male_embryo_11.5_days": {"life_stage": "embryonic", "tissue": [""], "biosample_type": "tissue", "dnase": ["ENCSR000CNO", "ENCFF673VVB"]}, "C57BL/6_MN1_treated_with_methyltrienolone": {"life_stage": "adult", "tissue": ["MN1"], "biosample_type": "cell line", "dnase": ["ENCSR898KAX", "ENCFF514HPX"]}, "CD-1_forelimb_bud_male_embryo_11.5_days": {"life_stage": "embryonic", "tissue": [""], "biosample_type": "tissue", "dnase": ["ENCSR000CNB", "ENCFF837OUY"]}, "C57BL/6_telencephalon_male_adult_8_weeks": {"life_stage": "adult", "tissue": ["telencephalon"], "biosample_type": "tissue", "dnase": ["ENCSR000CMP", "ENCFF395AJZ"]}, "C57BL/6_retina_embryo_14.5_days": {"life_stage": "embryonic", "tissue": ["retina"], "biosample_type": "tissue", "dnase": ["ENCSR488VEQ", "ENCFF266ZDD"]}, "C57BL/6_forebrain_embryo_13.5_days": {"life_stage": "embryonic", "h3k4me3": ["ENCSR835BZO", "ENCFF314QNW"], "tissue": ["forebrain"], "h3k27ac": ["ENCSR311YPF", "ENCFF107UHG"], "biosample_type": "tissue"}, "C57BL/6_B_cell_male_adult_8_weeks": {"life_stage": "adult", "tissue": ["blood"], "biosample_type": "primary cell", "dnase": ["ENCSR000CMM", "ENCFF079SPZ"]}, "129_liver_male_embryo_14.5_days": {"life_stage": "embryonic", "tissue": ["liver"], "biosample_type": "tissue", "dnase": ["ENCSR000CNL", "ENCFF435WED"]}, "C57BL/6_small_intestine_male_adult_8_weeks": {"life_stage": "adult", "h3k4me3": ["ENCSR000CCS", "ENCFF032JSS"], "tissue": ["intestine"], "h3k27ac": ["ENCSR000CCQ", "ENCFF212SMS"], "biosample_type": "tissue"}, "C57BL/6_forebrain_embryo_15.5_days": {"life_stage": "embryonic", "h3k4me3": ["ENCSR022KDE", "ENCFF469CPH"], "tissue": ["forebrain"], "h3k27ac": ["ENCSR691NQH", "ENCFF440SCC"], "biosample_type": "tissue"}, "C57BL/6_acute_myeloid_leukemia": {"life_stage": "adult", "tissue": ["blood"], "biosample_type": "primary cell", "dnase": ["ENCSR855ASN", "ENCFF014NWA"]}, "C57BL/6_forebrain_embryo_11.5_days": {"h3k4me3": ["ENCSR739DVM", "ENCFF880ZZM"], "h3k27ac": ["ENCSR275KPI", "ENCFF827WXG"], "dnase": ["ENCSR014SFF", "ENCFF009ALP"], "life_stage": "embryonic", "tissue": ["forebrain"], "biosample_type": "tissue"}, "DBA/2_MEL_cell_line_treated_with_dimethyl_sulfoxide": {"life_stage": "adult", "h3k4me3": ["ENCSR000AEA", "ENCFF206DMH"], "tissue": ["immune organ"], "biosample_type": "cell line"}, "C57BL/6_liver_postnatal_0_days": {"h3k4me3": ["ENCSR653AVN", "ENCFF615IVU"], "h3k27ac": ["ENCSR616TJM", "ENCFF588AKC"], "dnase": ["ENCSR216UMD", "ENCFF540VTK"], "life_stage": "adult", "tissue": ["liver"], "biosample_type": "tissue"}, "C57BL/6_brain_male_embryo_14.5_days": {"life_stage": "embryonic", "tissue": ["brain"], "biosample_type": "tissue", "dnase": ["ENCSR000COE", "ENCFF992QCB"]}, "C57BL/6_lung_embryo_15.5_days": {"life_stage": "embryonic", "h3k4me3": ["ENCSR305GII", "ENCFF551UEX"], "tissue": ["lung"], "h3k27ac": ["ENCSR895BMP", "ENCFF018LWM"], "biosample_type": "tissue"}, "C57BL/6_embryonic_facial_prominence_embryo_15.5_days": {"life_stage": "embryonic", "h3k4me3": ["ENCSR990JMN", "ENCFF727YWB"], "tissue": ["facial prominence"], "h3k27ac": ["ENCSR382DRK", "ENCFF033PTH"], "biosample_type": "tissue"}, "C57BL/6_limb_embryo_10.5_days": {"h3k4me3": ["ENCSR318QFY", "ENCFF563HQA"], "h3k27ac": ["ENCSR863VHE", "ENCFF502YGZ"], "dnase": ["ENCSR380VCU", "ENCFF625SMQ"], "life_stage": "embryonic", "tissue": ["limb"], "biosample_type": "tissue"}, "C57BL/6_hindbrain_embryo_15.5_days": {"life_stage": "embryonic", "h3k4me3": ["ENCSR335TVR", "ENCFF576SVQ"], "tissue": ["hindbrain"], "h3k27ac": ["ENCSR066XFL", "ENCFF121XJR"], "biosample_type": "tissue"}, "C57BL/6_midbrain_embryo_11.5_days": {"h3k4me3": ["ENCSR283RFW", "ENCFF081AUZ"], "h3k27ac": ["ENCSR088UKA", "ENCFF230FQZ"], "dnase": ["ENCSR292QBA", "ENCFF503FPW"], "life_stage": "embryonic", "tissue": ["midbrain"], "biosample_type": "tissue"}, "C57BL/6_retina_male_postnatal_7_days": {"life_stage": "adult", "tissue": ["retina"], "biosample_type": "tissue", "dnase": ["ENCSR000CNU", "ENCFF908NIP"]}, "C57BL/6_midbrain_embryo_14.5_days": {"h3k4me3": ["ENCSR203KIB", "ENCFF002MTC"], "h3k27ac": ["ENCSR254AHA", "ENCFF900XUW"], "dnase": ["ENCSR367FCW", "ENCFF942RUO"], "life_stage": "embryonic", "tissue": ["midbrain"], "biosample_type": "tissue"}, "C57BL/6_brown_adipose_tissue_male_adult_24_weeks": {"life_stage": "adult", "h3k4me3": ["ENCSR000CFB", "ENCFF966UOI"], "tissue": ["adipose"], "h3k27ac": ["ENCSR000CEZ", "ENCFF012PBY"], "biosample_type": "tissue"}, "C57BL/6_midbrain_embryo_13.5_days": {"life_stage": "embryonic", "h3k4me3": ["ENCSR167ZGV", "ENCFF842FSB"], "tissue": ["midbrain"], "h3k27ac": ["ENCSR671NSS", "ENCFF416UPA"], "biosample_type": "tissue"}, "C57BL/6_kidney_postnatal_0_days": {"h3k4me3": ["ENCSR536ILV", "ENCFF376RQB"], "h3k27ac": ["ENCSR140YPL", "ENCFF873EBR"], "dnase": ["ENCSR066DPD", "ENCFF299KAN"], "life_stage": "adult", "tissue": ["kidney"], "biosample_type": "tissue"}, "WW6_F1KO": {"life_stage": "embryonic", "tissue": [""], "biosample_type": "cell line", "dnase": ["ENCSR000CMY", "ENCFF660XSJ"]}, "C57BL/6_lung_postnatal_0_days": {"h3k4me3": ["ENCSR262CSU", "ENCFF377ZXP"], "h3k27ac": ["ENCSR884MYD", "ENCFF924XGB"], "dnase": ["ENCSR094XAY", "ENCFF417SAZ"], "life_stage": "adult", "tissue": ["lung"], "biosample_type": "tissue"}, "C57BL/6_3T3-L1": {"life_stage": "adult", "tissue": ["3T3-L1"], "biosample_type": "cell line", "dnase": ["ENCSR687EAW", "ENCFF435DKT"]}, "C57BL/6_retina_male_postnatal_1_day": {"life_stage": "adult", "tissue": ["retina"], "biosample_type": "tissue", "dnase": ["ENCSR000CNV", "ENCFF261PZG"]}, "CD-1_megakaryocyte_embryo_14.5_days": {"life_stage": "embryonic", "h3k4me3": ["ENCSR000DHT", "ENCFF211IXB"], "tissue": ["bone marrow"], "biosample_type": "primary cell"}, "C57BL/6_liver_male_embryo_14.5_days": {"life_stage": "embryonic", "tissue": ["liver"], "biosample_type": "tissue", "dnase": ["ENCSR000CNJ", "ENCFF395XSI"]}, "C57BL/6_skeletal_muscle_tissue_male_adult_8_weeks": {"life_stage": "adult", "tissue": ["skeletal muscle"], "biosample_type": "tissue", "dnase": ["ENCSR000CNX", "ENCFF731YAA"]}, "C57BL/6_stomach_embryo_14.5_days": {"life_stage": "embryonic", "h3k4me3": ["ENCSR023VJO", "ENCFF280VOA"], "tissue": ["stomach"], "h3k27ac": ["ENCSR316CNR", "ENCFF036PPT"], "biosample_type": "tissue"}, "DBA/2_MEL_cell_line": {"h3k4me3": ["ENCSR000CEX", "ENCFF496UKK"], "h3k27ac": ["ENCSR000CEV", "ENCFF414TDD"], "dnase": ["ENCSR446MUM", "ENCFF155MQS"], "life_stage": "adult", "tissue": ["immune organ"], "biosample_type": "cell line"}, "C57BL/6_heart_embryo_15.5_days": {"life_stage": "embryonic", "h3k4me3": ["ENCSR647OTD", "ENCFF109NPC"], "tissue": ["heart"], "h3k27ac": ["ENCSR574VME", "ENCFF021RTZ"], "biosample_type": "tissue"}, "C57BL/6_embryonic_facial_prominence_embryo_13.5_days": {"life_stage": "embryonic", "h3k4me3": ["ENCSR057BKH", "ENCFF394ABQ"], "tissue": ["facial prominence"], "h3k27ac": ["ENCSR420MUV", "ENCFF306YHS"], "biosample_type": "tissue"}, "C57BL/6_midbrain_embryo_16.5_days": {"life_stage": "embryonic", "h3k4me3": ["ENCSR637CCT", "ENCFF644PLR"], "tissue": ["midbrain"], "h3k27ac": ["ENCSR553IWV", "ENCFF447LGJ"], "biosample_type": "tissue"}, "129_ZHBTc4-mESC": {"life_stage": "embryonic", "tissue": [""], "biosample_type": "cell line", "dnase": ["ENCSR000COH", "ENCFF424XOH"]}, "129_ES-E14": {"h3k4me3": ["ENCSR000CGO", "ENCFF857GJE"], "h3k27ac": ["ENCSR000CGQ", "ENCFF163HEV"], "dnase": ["ENCSR000CMW", "ENCFF872IES"], "life_stage": "embryonic", "tissue": [""], "biosample_type": "cell line"}, "C57BL/6_spleen_male_adult_8_weeks": {"h3k4me3": ["ENCSR000CBD", "ENCFF347ZYP"], "h3k27ac": ["ENCSR000CDJ", "ENCFF470WIY"], "dnase": ["ENCSR000CNY", "ENCFF546FZT"], "life_stage": "adult", "tissue": ["spleen"], "biosample_type": "tissue"}, "C57BL/6_thymus_postnatal_0_days": {"life_stage": "adult", "tissue": ["thymus"], "biosample_type": "tissue", "dnase": ["ENCSR935RRY", "ENCFF125IRZ"]}, "C57BL/6_placenta_female_adult_8_weeks": {"life_stage": "adult", "h3k4me3": ["ENCSR000CDQ", "ENCFF235ZAJ"], "tissue": ["placenta"], "h3k27ac": ["ENCSR000CDO", "ENCFF924IWW"], "biosample_type": "tissue"}, "C57BL/6_neural_tube_embryo_11.5_days": {"h3k4me3": ["ENCSR427OZM", "ENCFF638WLA"], "h3k27ac": ["ENCSR531RZS", "ENCFF422NJA"], "dnase": ["ENCSR312QVY", "ENCFF649UQO"], "life_stage": "embryonic", "tissue": ["neural tube"], "biosample_type": "tissue"}, "C57BL/6_embryonic_facial_prominence_embryo_10.5_days": {"h3k4me3": ["ENCSR765JWZ", "ENCFF675TVC"], "h3k27ac": ["ENCSR151APL", "ENCFF440LYR"], "dnase": ["ENCSR775YJL", "ENCFF458SNJ"], "life_stage": "embryonic", "tissue": ["facial prominence"], "biosample_type": "tissue"}, "C57BL/6_adipocyte": {"life_stage": "adult", "tissue": ["adipocyte"], "biosample_type": "in vitro differentiated cells", "dnase": ["ENCSR998KYQ", "ENCFF325RFB"]}, "C57BL/6_heart_embryo_12.5_days": {"life_stage": "embryonic", "h3k4me3": ["ENCSR688ZOR", "ENCFF331OQE"], "tissue": ["heart"], "h3k27ac": ["ENCSR123MLY", "ENCFF937AXD"], "biosample_type": "tissue"}, "C57BL/6_limb_embryo_11.5_days": {"h3k4me3": ["ENCSR654VMK", "ENCFF306YUK"], "h3k27ac": ["ENCSR897WBY", "ENCFF897QOI"], "dnase": ["ENCSR661HDP", "ENCFF641OPE"], "life_stage": "embryonic", "tissue": ["limb"], "biosample_type": "tissue"}, "C57BL/6_brain_male_adult_8_weeks": {"life_stage": "adult", "tissue": ["brain"], "biosample_type": "tissue", "dnase": ["ENCSR000COF", "ENCFF257BKZ"]}}
