{"G1E" : "blood",
 "limb" : "limb",
 "intestine" : "intestine",
 "adipocyte" : "adipose",
 "brown adipose tissue" : "adipose",
 "embryo" : "embryonic structure",
 "embryonic facial prominence" : "embryonic structure",
 "neural tube" : "brain",
 "brain" : "brain",
 "cerebellum" : "brain",
 "3T3-L1" : "adipose",
 "acute myeloid leukemia" : "blood",
 "CH12.LX" : "blood",
 "erythroblast" : "blood",
 "fat pad" : "adipose",
 "forebrain" : "brain",
 "heart" : "heart",
 "gonadal fat pad" : "adipose",
 "forelimb bud" : "limb",
 "midbrain" : "brain",
 "Muller cell" : "eye",
 "testis" : "gonad",
 "thymus" : "thymus",
 "telencephalon" : "brain",
 "stomach" : "stomach",
 "spleen" : "spleen",
 "skeletal muscle tissue" : "muscle",
 "retina" : "eye",
 "placenta" : "placenta",
 "hindbrain" : "brain",
 "hindlimb bud" : "limb",
 "kidney" : "kidney",
 "liver" : "liver",
 "lung" : "lung",
 "MEL cell line" : "blood",
 "olfactory bulb" : "brain",
 "WW6" : "ESC",
 "MEL-GATA-1-ER": "blood",
 "embryoid body": "ESC",
 "E14TG2a.4": "ESC",
 "Patski": "kidney",
 "cortical plate": "brain",
 "embryonic fibroblast": "embryonic structure",
 "mesoderm": "embryonic structure",
 "ES-E14": "ESC",
 "fibroblast": "connective",
 "ZHBTc4-mESC": "ESC",
 "MN1": "brain",
 "ES-Bruce4": "ESC",
 "G1E-ER4": "blood",
 "large intestine" : "intestine"
}
