{
    "myocyte": "muscle",
    "GM23338": "brain",
    "A172 immortalized cell line" : "brain",
    "A172" : "brain",
    "A172_immortalized_cell_line" : "brain",
    "A172_immortalized_cell_line" : "brain",
    "A375 immortalized cell line" : "skin",
    "A375" : "skin",
    "A375_immortalized_cell_line" : "skin",
    "A549" : "lung",
    "A549_immortalized_cell_line" : "lung",
    "A549_immortalized_cell_line_treated_with_0-02%_ethanol_for_1_hour" : "lung",
    "A673" : "muscle",
    "A673_immortalized_cell_line" : "muscle",
    "ACC112" : "salivary glands",
    "ACHN_immortalized_cell_line" : "kidney",
    "Ammon's horn" : "brain",
    "B cell" : "blood",
    "BE2C" : "brain",
    "BE2C_immortalized_cell_line" : "brain",
    "BJ_foreskin_fibroblast" : "skin",
    "B_primary_cell_female_adult_43_years" : "blood",
    "B_primary_cell_male_adult_37_years" : "blood",
    "CD14-positive monocyte" : "blood",
    "CD14-positive_monocyte_primary_cell_male_adult_37_years" : "blood",
    "CD1c-positive myeloid dendritic cell" : "blood",
    "CD4-positive helper T cell" : "blood",
    "CD4-positive, CD25-positive, alpha-beta regulatory T cell" : "blood",
    "CD4-positive, alpha-beta memory T cell" : "blood",
    "CD4-positive_CD4+_CD25int_CD127+" : "blood",
    "CD8-positive, alpha-beta T cell" : "blood",
    "CD8-positive, alpha-beta memory T cell" : "blood",
    "CMK" : "blood",
    "CMK_immortalized_cell_line" : "blood",
    "Caco-2" : "intestine",
    "Caco-2_immortalized_cell_line" : "intestine",
    "Caki2 immortalized cell line" : "kidney",
    "Caki2" : "kidney",
    "Caki2_immortalized_cell_line" : "kidney",
    "DND-41" : "blood",
    "DOHH2" : "blood",
    "Daoy immortalized cell line" : "brain",
    "Daoy" : "brain",
    "Daoy_immortalized_cell_line" : "brain",
    "EH" : "skin",
    "EL" : "",
    "ELF-1" : "stem cells",
    "ELR" : "skin",
    "ES-I3" : "stem cell",
    "G401 immortalized cell line" : "kidney",
    "G401" : "kidney",
    "G401_immortalized_cell_line" : "kidney",
    "GM06990" : "blood",
    "GM06990_immortalized_cell_line" : "blood",
    "GM10248" : "blood",
    "GM10266" : "blood",
    "GM12801" : "blood",
    "GM12864" : "blood",
    "GM12864_immortalized_cell_line" : "blood",
    "GM12865" : "blood",
    "GM12865_immortalized_cell_line" : "blood",
    "GM12866" : "blood",
    "GM12867" : "blood",
    "GM12868" : "blood",
    "GM12869" : "blood",
    "GM12870" : "blood",
    "GM12871" : "blood",
    "GM12872" : "blood",
    "GM12873" : "blood",
    "GM12874" : "blood",
    "GM12875" : "blood",
    "GM12878 immortalized cell line" : "blood",
    "GM12878" : "blood",
    "GM12878_immortalized_cell_line" : "blood",
    "GM12891" : "blood",
    "GM12891_immortalized_cell_line" : "blood",
    "GM12892" : "blood",
    "GM12892_immortalized_cell_line" : "blood",
    "GM13976" : "blood",
    "GM13977" : "blood",
    "GM19238" : "blood",
    "GM19238_immortalized_cell_line" : "blood",
    "GM19239" : "blood",
    "GM19239_immortalized_cell_line" : "blood",
    "GM19240" : "blood",
    "GM19240_immortalized_cell_line" : "blood",
    "GM20000" : "blood",
    "H1-hESC" : "ESC",
    "H1-hESC_stem_cell" : "embryonic structure",
    "H4 immortalized cell line" : "brain",
    "H4" : "brain",
    "H4_immortalized_cell_line" : "brain",
    "H54" : "brain",
    "H7-hESC stem cell" : "ESC",
    "H7-hESC" : "ESC",
    "H7-hESC_stem_cell" : "ESC",
    "H9" : "ESC",
    "H9_stem_cell" : "ESC",
    "HAP-1" : "blood",
    "HCT116" : "intestine",
    "HCT116_immortalized_cell_line" : "intestine",
    "HEK293" : "kidney",
    "HFF-Myc" : "skin",
    "HFF-Myc_immortalized_cell_line_derived_from_foreskin_fibroblast" : "skin",
    "HGPS cell" : "fibroblasts",
    "HL-60" : "blood",
    "HL-60_immortalized_cell_line" : "blood",
    "HS-27A" : "bone marrow",
    "HS-27A_immortalized_cell_line" : "bone marrow",
    "HS-5" : "bone marrow",
    "HS-5_immortalized_cell_line" : "bone marrow",
    "HT-29 immortalized cell line" : "intestine",
    "HT-29" : "intestine",
    "HT-29_immortalized_cell_line" : "intestine",
    "HT1080 immortalized cell line" : "connective tissue",
    "HT1080" : "connective tissue",
    "HT1080_immortalized_cell_line" : "connective tissue",
    "HUES48" : "ESC",
    "HUES48_stem_cell" : "ESC",
    "HUES6" : "ESC",
    "HUES64" : "ESC",
    "HUES64-derived CD184+" : "ESC",
    "HeLa-S3" : "cervix",
    "HeLa-S3_immortalized_cell_line" : "cervix",
    "HepG2 immortalized cell line" : "liver",
    "HepG2" : "liver",
    "HepG2_immortalized_cell_line" : "liver",
    "IMR-90 primary cell" : "lung",
    "IMR-90" : "lung",
    "IMR-90_immortalized_cell_line" : "lung",
    "IMR-90_primary_cell" : "lung",
    "Ishikawa" : "uterus",
    "Jurkat clone E61" : "blood",
    "Jurkat_immortalized_cell_line" : "blood",
    "K562 immortalized cell line" : "blood",
    "K562" : "bone marrow",
    "K562_immortalized_cell_line" : "bone marrow",
    "KBM-7" : "blood",
    "KBM-7_immortalized_cell_line" : "blood",
    "KMS-11" : "blood",
    "KOPT-K1" : "blood",
    "Karpas-422 immortalized cell line" : "blood",
    "Karpas-422" : "blood",
    "Karpas-422_immortalized_cell_line" : "blood",
    "L1-S8" : "iPSC",
    "L1-S8R" : "iPSC",
    "LHCN-M2 immortalized cell line" : "muscle",
    "LHCN-M2 in vitro differentiated cells" : "muscle",
    "LHCN-M2" : "muscle",
    "LHCN-M2_immortalized_cell_line" : "muscle",
    "LHCN-M2_in_vitro_differentiated_cells" : "muscle",
    "LNCaP clone FGC" : "prostate",
    "LNCaP_clone_FGC_immortalized_cell_line" : "prostate",
    "LNCaP_clone_FGC_immortalized_cell_line" : "prostate",
    "LoVo" : "colon",
    "Loucy" : "blood",
    "M059J immortalized cell line" : "brain",
    "M059J" : "brain",
    "M059J_immortalized_cell_line" : "brain",
    "MCF-7 immortalized cell line" : "breast",
    "MCF-7" : "breast",
    "MCF-7_immortalized_cell_line" : "breast",
    "MCF-7_immortalized_cell_line_derived_from_MCF-7" : "breast",
    "MG63 immortalized cell line" : "bone",
    "MG63" : "  bone",
    "MG63_immortalized_cell_line" : "bone",
    "MM-1S_immortalized_cell_line" : "blood",
    "MM.1S" : "blood",
    "NAMALWA" : "blood",
    "NAMALWA_immortalized_cell_line" : "blood",
    "NB4" : "blood",
    "NB4_immortalized_cell_line" : "blood",
    "NCI-H226" : "lung",
    "NCI-H226_immortalized_cell_line" : "lung",
    "NCI-H460 immortalized cell line" : "lung",
    "NCI-H460" : "lung",
    "NCI-H460_immortalized_cell_line" : "lung",
    "NCI-H929" : "bone",
    "NT2/D1" : "testis",
    "NT2/D1_immortalized_cell_line" : "testis",
    "OCI-LY1" : "blood",
    "OCI-LY3" : "blood",
    "OCI-LY7 immortalized cell line" : "blood",
    "OCI-LY7" : "  blood",
    "OCI-LY7_immortalized_cell_line" : "blood",
    "PC-3 immortalized cell line" : "prostate",
    "PC-3" : " prostate",
    "PC-3_immortalized_cell_line" : "prostate",
    "PC-9" : "lung",
    "PC-9_immortalized_cell_line" : "lung",
    "Panc1" : "pancreas",
    "Panc1_immortalized_cell_line" : "pancreas",
    "Peyer's patch tissue" : "lymphoid",
    "Peyer's patch" : "lymphoid",
    "Peyer's_patch_tissue" : "lymphoid",
    "Purkinje cell primary cell" : "brain",
    "Purkinje_cell_primary_cell" : "brain",
    "RCC 7860" : "kidney",
    "RCC_7860_immortalized_cell_line" : "kidney",
    "RKO" : "intestine",
    "RPMI-7951 immortalized cell line" : "skin",
    "RPMI-7951" : "skin",
    "RPMI-7951_immortalized_cell_line" : "skin",
    "RPMI8226" : "blood",
    "RPMI8226_immortalized_cell_line" : "blood",
    "SJCRH30 immortalized cell line" : "muscle",
    "SJCRH30" : "muscle",
    "SJCRH30_immortalized_cell_line" : "muscle",
    "SJSA1 immortalized cell line" : "bone",
    "SJSA1" : "bone",
    "SJSA1_immortalized_cell_line" : "bone",
    "SK-MEL-5 immortalized cell line" : "skin",
    "SK-MEL-5" : "skin",
    "SK-MEL-5_immortalized_cell_line" : "skin",
    "SK-N-DZ immortalized cell line" : "brain",
    "SK-N-DZ" : " brain",
    "SK-N-DZ_immortalized_cell_line" : "brain",
    "SK-N-MC" : "brain",
    "SK-N-MC_immortalized_cell_line" : "brain",
    "SK-N-SH" : "brain",
    "SK-N-SH_immortalized_cell_line_treated_with_6_\u03bcM_all-trans-retinoic_acid_for_48_hours" : "brain",
    "SK-N-SH_immortalized_cell_line_treated_with_6_\u03bcM_all-trans-retinoic_acid_for_48_hours" : "brain",
    "SW480" : "intestine",
    "T-cell" : "blood",
    "T-cell_primary_cell" : "blood",
    "T-cell_primary_cell_male_adult_37_years" : "blood",
    "T-helper 1 cell" : "blood",
    "T-helper 2 cell" : "blood",
    "T-helper_17_primary_cell" : "blood",
    "T-helper_1_primary_cell" : "blood",
    "T-helper_1_primary_cell_female_adult_26_years" : "blood",
    "T-helper_1_primary_cell_male_adult_33_years" : "blood",
    "T-helper_2_primary_cell" : "blood",
    "T-helper_2_primary_cell_female_adult_26_years" : "blood",
    "T-helper_2_primary_cell_male_adult_33_years" : "blood",
    "T47D" : "breast",
    "T47D_immortalized_cell_line" : "breast",
    "UCSF-4" : "ESC",
    "WERI-Rb-1" : "eye",
    "WERI-Rb-1_immortalized_cell_line" : "eye",
    "WI38" : "lung",
    "WI38_immortalized_cell_line_derived_from_WI38_stably_expressing_RAF1" : "lung",
    "adipocyte" : "adipose",
    "adipocyte_in_vitro_differentiated_cells" : "adipose",
    "adipose tissue derived mesenchymal stem cell" : "stem cell",
    "adipose tissue derived mesenchymal stem cell" : "stem cell",
    "adrenal gland tissue" : "adrenal",
    "adrenal gland" : "adrenal",
    "adrenal_gland_tissue" : "adrenal",
    "adrenal_gland_tissue_male_fetal_97_days" : "adrenal",
    "airway epithelial cell primary cell" : "lung",
    "airway epithelial cell" : "lung",
    "airway_epithelial_cell_primary_cell" : "lung",
    "amnion" : "placenta",
    "amniotic epithelial cell" : "placenta",
    "amniotic stem cell" : "stem cell",
    "amniotic_epithelial_primary_cell" : "extraembryonic structure",
    "angular gyrus" : "brain",
    "angular_gyrus_tissue_female_adult_75_years" : "brain",
    "aorta" : "heart",
    "aorta_tissue_male_adult_34_years" : "blood vessel",
    "aortic smooth muscle cell primary cell" : "blood vessel",
    "aortic_smooth_muscle_cell_primary_cell" : "blood vessel",
    "articular chondrocyte of knee joint primary cell" : "cartilage",
    "articular chondrocyte of knee joint" : "cartilage",
    "articular_chondrocyte_of_knee_joint_primary_cell" : "cartilage",
    "ascending aorta tissue" : "blood vessel",
    "ascending_aorta_tissue" : "blood vessel",
    "astrocyte of the cerebellum" : "brain",
    "astrocyte of the spinal cord" : "spinal cord",
    "astrocyte primary cell" : "brain",
    "astrocyte" : "brain",
    "astrocyte_of_the_cerebellum_primary_cell" : "brain",
    "astrocyte_of_the_hippocampus_primary_cell" : "brain",
    "astrocyte_of_the_spinal_cord_primary_cell" : "spinal cord",
    "astrocyte_primary_cell" : "brain",
    "bipolar spindle neuron in vitro differentiated cells" : "brain",
    "bipolar spindle neuron" : "brain",
    "bipolar neuron" : "brain",
    "bipolar_spindle_neuron_in_vitro_differentiated_cells" : "brain",
    "bladder microvascular endothelial cell primary cell" : "bladder",
    "bladder_microvascular_endothelial_cell_primary_cell" : "bladder",
    "body of pancreas tissue" : "pancreas",
    "body of pancreas" : "pancreas",
    "body_of_pancreas_tissue" : "pancreas",
    "brain microvascular endothelial cell" : "blood vessel",
    "brain pericyte" : "blood vessel",
    "brain" : "brain",
    "brain_microvascular_endothelial_primary_cell" : "blood vessel",
    "brain_pericyte_primary_cell" : "blood vessel",
    "brain_tissue_female_fetal_17_weeks" : "brain",
    "brain_tissue_male_fetal_122_days" : "brain",
    "brain_tissue_male_fetal_122_days" : "brain",
    "brain_tissue_male_fetal_72_days_and_male_fetal_76_days" : "brain",
    "breast epithelium tissue" : "breast",
    "breast epithelium" : "breast",
    "breast_epithelium_tissue" : "breast",
    "bronchial epithelial cell primary cell" : "lung",
    "bronchial epithelial cell" : "lung",
    "bronchial smooth muscle cell primary cell" : "lung",
    "bronchial_epithelial_cell_primary_cell" : "lung",
    "bronchial_epithelial_primary_cell" : "lung",
    "bronchial_smooth_muscle_cell_primary_cell" : "lung",
    "bronchus fibroblast of lung primary cell" : "lung",
    "bronchus_fibroblast_of_lung_primary_cell" : "lung",
    "camera-type eye tissue" : "eye",
    "camera-type_eye_tissue" : "eye",
    "cardiac atrium fibroblast primary cell" : "heart",
    "cardiac fibroblast" : "heart",
    "cardiac mesoderm" : "heart",
    "cardiac muscle cell in vitro differentiated cells" : "heart",
    "cardiac muscle cell" : "heart",
    "cardiac myocyte" : "heart",
    "cardiac ventricle fibroblast primary cell" : "heart",
    "cardiac_atrium_fibroblast_primary_cell" : "heart",
    "cardiac_fibroblast_primary_cell" : "heart",
    "cardiac_muscle_cell_in_vitro_differentiated_cells" : "heart",
    "cardiac_muscle_primary_cell" : "heart",
    "cardiac_ventricle_fibroblast_primary_cell" : "heart",
    "caudate nucleus" : "brain",
    "cerebellum tissue" : "brain",
    "cerebellum_tissue" : "brain",
    "chondrocyte" : "cartilage",
    "choroid plexus epithelial cell" : "brain",
    "choroid_plexus_epithelial_primary_cell" : "brain",
    "cingulate gyrus" : "brain",
    "cingulate_gyrus_tissue_female_adult_75_years" : "brain",
    "colonic mucosa" : "intestine",
    "common myeloid progenitor, CD34-positive" : "blood",
    "common_myeloid_progenitor_female" : "blood",
    "common_myeloid_progenitor_female" : "bone marrow",
    "common_myeloid_progenitor_male" : "blood",
    "coronary artery" : "blood vessel",
    "cortex derived neurospheres" : "brain",
    "dermis blood vessel endothelial cell primary cell" : "blood vessel",
    "dermis blood vessel endothelial cell" : "blood vessel",
    "dermis lymphatic vessel endothelial cell primary cell" : "lymphatic",
    "dermis microvascular lymphatic vessel endothelial cell primary cell" : "lymphatic",
    "dermis microvascular lymphatic vessel endothelial cell" : "lymphatic",
    "dermis_blood_vessel_endothelial_cell_primary_cell" : "blood vessel",
    "dermis_blood_vessel_endothelial_primary_cell_female_adult" : "blood vessel",
    "dermis_lymphatic_vessel_endothelial_cell_primary_cell" : "lymphatic",
    "dermis_microvascular_lymphatic_vessel_endothelial_cell_primary_cell" : "lymphatic",
    "dermis_microvascular_lymphatic_vessel_endothelial_primary_cell_female" : "lymphatic",
    "diencephalon tissue" : "brain",
    "diencephalon_tissue" : "brain",
    "duodenal mucosa" : "intestine",
    "ectodermal cell" : "embryonic structure",
    "ectodermal_in_vitro_differentiated_cells" : "embryonic structure",
    "embryonic facial prominence" : "embryonic structure",
    "endocrine pancreas" : "pancreas",
    "endometrial microvascular endothelial cells primary cell" : "uterus",
    "endometrial_microvascular_endothelial_cells_primary_cell" : "uterus",
    "endothelial cell of coronary artery primary cell" : "blood vessel",
    "endothelial cell of umbilical vein" : "blood vessel",
    "endothelial_cell_of_coronary_artery_primary_cell" : "blood vessel",
    "endothelial_of_umbilical_vein_primary_cell_newborn" : "extraembryonic structure",
    "epithelial cell of alveolus of lung primary cell" : "lung",
    "epithelial cell of esophagus" : "esophagus",
    "epithelial cell of prostate" : "prostate",
    "epithelial cell of proximal tubule primary cell" : "kidney",
    "epithelial cell of proximal tubule" : "kidney",
    "epithelial cell of umbilical artery primary cell" : "extraembryonic structure",
    "epithelial_cell_of_alveolus_of_lung_primary_cell" : "lung",
    "epithelial_cell_of_proximal_tubule_primary_cell" : "kidney",
    "epithelial_cell_of_umbilical_artery_primary_cell" : "extraembryonic structure",
    "epithelial_of_esophagus_primary_cell" : "esophagus",
    "epithelial_of_prostate_primary_cell" : "prostate",
    "epithelial_of_proximal_tubule_primary_cell" : "kidney",
    "esophagus muscularis mucosa tissue" : "esophagus",
    "esophagus squamous epithelium tissue" : "esophagus",
    "esophagus squamous epithelium" : "esophagus",
    "esophagus" : "esophagus",
    "esophagus_muscularis_mucosa_tissue" : "esophagus",
    "esophagus_squamous_epithelium_tissue" : "esophagus",
    "eye" : "eye",
    "eye_tissue_fetal_56_days_and_male_fetal_76_days" : "eye",
    "fat cell" : "adipose",
    "fat_in_vitro_differentiated_cells" : "adipose",
    "female_gonad_tissue_female_adult_30_years" : "gonad",
    "fibroblast of arm primary cell" : "skin",
    "fibroblast of arm" : "fibroblast",
    "fibroblast of dermis primary cell" : "fibroblast",
    "fibroblast of dermis" : "fibroblast",
    "fibroblast of gingiva" : "fibroblast",
    "fibroblast of lung primary cell" : "fibroblast",
    "fibroblast of lung" : "fibroblast",
    "fibroblast of mammary gland" : "fibroblast",
    "fibroblast of pedal digit skin" : "fibroblast",
    "fibroblast of peridontal ligament" : "fibroblast",
    "fibroblast of pulmonary artery" : "fibroblast",
    "fibroblast of skin of abdomen" : "fibroblast",
    "fibroblast of the aortic adventitia primary cell" : "fibroblast",
    "fibroblast of the aortic adventitia" : "fibroblast",
    "fibroblast of the conjunctiva" : "fibroblast",
    "fibroblast of upper leg skin" : "fibroblast",
    "fibroblast of villous mesenchyme primary cell" : "fibroblast",
    "fibroblast of villous mesenchyme" : "fibroblast",
    "fibroblast_of_arm_primary_cell" : "fibroblast",
    "fibroblast_of_dermis_primary_cell" : "fibroblast",
    "fibroblast_of_dermis_primary_cell_female_adult" : "fibroblast",
    "fibroblast_of_gingiva_primary_cell" : "fibroblast",
    "fibroblast_of_gingiva_primary_cell_female_adult_24_years" : "fibroblast",
    "fibroblast_of_lung_primary_cell" : "fibroblast",
    "fibroblast_of_lung_primary_cell_male_adult_45_years" : "fibroblast",
    "fibroblast_of_lung_primary_cell_male_fetal_12_weeks" : "fibroblast",
    "fibroblast_of_mammary_gland_primary_cell_female" : "fibroblast",
    "fibroblast_of_pedal_digit_skin_primary_cell_female_adult_21_year" : "fibroblast",
    "fibroblast_of_peridontal_ligament_primary_cell_male" : "fibroblast",
    "fibroblast_of_pulmonary_artery_primary_cell" : "fibroblast",
    "fibroblast_of_skin_abdomen_primary_cell_male_adult_22_years" : "fibroblast",
    "fibroblast_of_the_aortic_adventitia_primary_cell" : "fibroblast",
    "fibroblast_of_the_aortic_adventitia_primary_cell_female" : "fibroblast",
    "fibroblast_of_the_conjunctiva_primary_cell" : "fibroblast",
    "fibroblast_of_upper_leg_skin_primary_cell_male_fetal_12_weeks" : "fibroblast",
    "fibroblast_of_villous_mesenchyme_primary_cell" : "fibroblast",
    "forelimb muscle" : "muscle",
    "foreskin fibroblast" : "fibroblast",
    "foreskin keratinocyte" : "fibroblast",
    "foreskin melanocyte" : "fibroblast",
    "foreskin_fibroblast_primary_cell_male_newborn_1" : "fibroblast",
    "foreskin_fibroblast_primary_cell_male_newborn_1" : "fibroblast",
    "foreskin_fibroblast_primary_cell_male_newborn_1" : "fibroblast",
    "foreskin_fibroblast_primary_cell_male_newborn_2" : "fibroblast",
    "foreskin_fibroblast_primary_cell_male_postnatal" : "fibroblast",
    "foreskin_keratinocyte_primary_cell_male_newborn_2" : "skin",
    "foreskin_melanocyte_primary_cell_male_newborn_1" : "skin",
    "frontal cortex tissue" : "brain",
    "frontal_cortex_tissue" : "brain",
    "ganglionic eminence derived neurospheres" : "brain",
    "gastrocnemius medialis tissue" : "muscle",
    "gastrocnemius medialis" : "muscle",
    "gastrocnemius_medialis_tissue" : "muscle",
    "gastroesophageal sphincter tissue" : "esophagus",
    "gastroesophageal sphincter" : "esophagus",
    "gastroesophageal_sphincter_tissue" : "esophagus",
    "germinal matrix" : "brain",
    "germinal_matrix_tissue_male_fetal_20_weeks" : "brain",
    "globus pallidus" : "brain",
    "globus_pallidus_tissue_male_adult_78_years_and_male_adult_84_years" : "brain",
    "glomerular endothelial cell primary cell" : "kidney",
    "glomerular endothelial cell" : "kidney",
    "glomerular visceral epithelial cell" : "kidney",
    "glomerular_endothelial_cell_primary_cell" : "kidney",
    "glomerular_endothelial_primary_cell" : "kidney",
    "hair follicle dermal papilla cell primary cell" : "skin",
    "hair follicular keratinocyte primary cell" : "skin",
    "hair_follicle_dermal_papilla_cell_primary_cell" : "skin",
    "hair_follicular_keratinocyte_primary_cell" : "skin",
    "heart left ventricle tissue" : "heart",
    "heart left ventricle" : "heart",
    "heart right ventricle" : "heart",
    "heart tissue" : "heart",
    "heart" : "heart",
    "heart_left_ventricle_tissue" : "heart",
    "heart_tissue" : "heart",
    "heart_tissue_fetal_101_day" : "heart",
    "heart_tissue_fetal_101_day" : "heart",
    "heart_tissue_male_fetal_72_days_and_male_fetal_76_days" : "heart",
    "hematopoietic multipotent progenitor cell primary cell" : "blood",
    "hematopoietic multipotent progenitor cell" : "blood",
    "hematopoietic_multipotent_progenitor_cell_primary_cell" : "blood",
    "hematopoietic_multipotent_progenitor_primary_cell_male" : "blood",
    "hematopoietic_multipotent_progenitor_primary_cell_male_adult_25_years" : "blood",
    "hematopoietic_multipotent_progenitor_primary_cell_male_adult_25_years" : "blood",
    "hepatocyte in vitro differentiated cells" : "liver",
    "hepatocyte" : "liver",
    "hepatocyte_in_vitro_differentiated_cells" : "liver",
    "hepatocyte_in_vitro_differentiated_cells_derived_from_H9" : "liver",
    "hindlimb muscle" : "muscle",
    "iPS DF 19.7" : "iPSC",
    "iPS DF 19.11" : "iPSC",
    "iPS DF 4.7" : "iPSC",
    "iPS DF 6.9" : "iPSC",
    "iPS-15b" : "iPSC",
    "iPS-18c" : "iPSC",
    "iPS-20b" : "iPSC",
    "iPS_DF_19-11_induced_pluripotent_stem_cell_line_male_newborn" : "iPSC",
    "iPS_DF_19-11_induced_pluripotent_stem_cell_line_male_newborn" : "iPSC",
    "iPS_DF_6-9_induced_pluripotent_stem_cell_line_male_newborn" : "iPSC",
    "iPS_DF_6-9_induced_pluripotent_stem_cell_line_male_newborn" : "iPSC",
    "induced pluripotent stem cell induced pluripotent stem cell line" : "iPSC",
    "induced pluripotent stem cell" : "iPSC",
    "induced_pluripotent_stem_cell_induced_pluripotent_stem_cell_line" : "iPSC",
    "inferior parietal cortex" : "brain",
    "iris_pigment_epithelial_primary_cell" : "eye",
    "keratinocyte" : "skin",
    "keratinocyte_primary_cell_female" : "skin",
    "kidney epithelial cell primary cell" : "kidney",
    "kidney" : "kidney",
    "kidney epithelial cell" : "kidney",
    "kidney_epithelial_cell_primary_cell" : "kidney",
    "kidney_epithelial_primary_cell" : "kidney",
    "kidney_tissue_female_fetal_120_days" : "kidney",
    "large intestine" : "intestine",
    "large_intestine_tissue_male_fetal_108_days" : "intestine",
    "layer of hippocampus" : "brain",
    "layer_of_hippocampus_tissue_male_adult_73_years" : "brain",
    "left kidney" : "kidney",
    "left lung" : "lung",
    "left renal cortex interstitium" : "kidney",
    "left renal pelvis" : "kidney",
    "left_kidney_tissue_female_fetal_59_days_and_male_fetal_91_day" : "kidney",
    "limb" : "limb",
    "liver tissue" : "liver",
    "liver" : "liver",
    "liver_tissue" : "liver",
    "lower leg skin tissue" : "skin",
    "lower_leg_skin_tissue" : "skin",
    "lung microvascular endothelial cell primary cell" : "lung",
    "lung tissue" : "lung",
    "lung" : "lung",
    "lung_microvascular_endothelial_cell_primary_cell" : "lung",
    "lung_microvascular_endothelial_primary_cell_female" : "blood vessel",
    "lung_tissue" : "lung",
    "lung_tissue_female_fetal_85_days" : "lung",
    "lung_tissue_female_fetal_85_days" : "lung",
    "lung_tissue_male_adult_27_years_and_male_adult_35_years" : "lung",
    "lung_tissue_male_fetal_54_days_and_male_fetal_58_days" : "lung",
    "mammary epithelial cell primary cell" : "breast",
    "mammary epithelial cell" : "breast",
    "mammary microvascular endothelial cell primary cell" : "breast",
    "mammary_epithelial_cell_primary_cell" : "breast",
    "mammary_epithelial_primary_cell_female" : "breast",
    "mammary_epithelial_primary_cell_female_adult_18_years" : "breast",
    "mammary_epithelial_primary_cell_female_adult_18_years" : "breast",
    "mammary_microvascular_endothelial_cell_primary_cell" : "breast",
    "medulla oblongata" : "spinal cord",
    "medulloblastoma" : "brain",
    "melanocyte of skin primary cell" : "skin",
    "melanocyte_of_skin_primary_cell" : "skin",
    "mesangial cell primary cell" : "kidney",
    "mesangial cell" : "kidney",
    "mesangial_cell_primary_cell" : "kidney",
    "mesenchymal stem cell of Wharton's jelly stem cell" : "ESC derived",
    "mesenchymal stem cell of adipose stem cell" : "ESC derived",
    "mesenchymal stem cell of the bone marrow stem cell" : "ESC derived",
    "mesenchymal stem cell" : "ESC derived",
    "mesenchymal_stem_cell_of_Wharton's_jelly_stem_cell" : "ESC derived",
    "mesenchymal_stem_cell_of_adipose_stem_cell" : "ESC derived",
    "mesenchymal_stem_cell_of_the_bone_marrow_stem_cell" : "ESC derived",
    "mesenchymal_stem_in_vitro_differentiated_cells_H1_derived" : "embryonic structure",
    "mesendoderm" : "embryonic structure",
    "mesendoderm_in_vitro_differentiated_cells" : "embryonic structure",
    "mesodermal cell" : "embryonic structure",
    "mesodermal_in_vitro_differentiated_cells" : "embryonic structure",
    "metanephros tissue" : "embryonic structure",
    "metanephros_tissue" : "embryonic structure",
    "midbrain" : "brain",
    "midbrain_tissue_male_adult_78_years_and_male_adult_84_years" : "brain",
    "middle frontal area 46" : "brain",
    "middle frontal gyrus" : "brain",
    "middle_frontal_area_46_tissue_male_adult_81_year" : "brain",
    "middle_frontal_gyrus_tissue_male_adult_78_years" : "brain",
    "mononuclear cell primary cell" : "blood",
    "mononuclear cell" : "blood",
    "mononuclear_cell_primary_cell" : "blood",
    "mucosa of rectum" : "intestine",
    "mucosa of stomach" : "stomach",
    "mucosa_of_rectum_tissue_female_adult_61_year" : "intestine",
    "muscle layer of colon" : "intestine",
    "muscle layer of duodenum" : "intestine",
    "muscle of back" : "muscle",
    "muscle of arm" : "muscle",
    "muscle of leg" : "muscle",
    "muscle of trunk" : "muscle",
    "muscle_layer_of_colon_tissue_female_adult_77_years" : "intestine",
    "muscle_of_leg_tissue_female_fetal_110_days" : "muscle",
    "muscle_of_leg_tissue_female_fetal_110_days" : "muscle",
    "muscle_of_leg_tissue_female_fetal_110_days" : "muscle",
    "muscle_of_trunk_tissue_female_fetal_121_day" : "muscle",
    "muscle_of_trunk_tissue_female_fetal_121_day" : "muscle",
    "muscle_of_trunk_tissue_female_fetal_121_day" : "muscle",
    "myoepithelial cell of mammary gland" : "breast",
    "myometrial cell primary cell" : "uterus",
    "myometrial cell" : "myometrium",
    "myometrial_cell_primary_cell" : "uterus",
    "myotube in vitro differentiated cells" : "muscle",
    "myotube" : "muscle",
    "myotube_in_vitro_differentiated_cells" : "muscle",
    "myotube_in_vitro_differentiated_cells_derived_from_skeletal_muscle_myoblast" : "muscle",
    "naive thymus-derived CD4-positive, alpha-beta T cell" : "blood",
    "naive_thymus-derived_CD4-positive,_alpha-beta_T_primary_cell_female_adult_35_years" : "blood",
    "naive_thymus-derived_CD4-positive,_alpha-beta_T_primary_cell_male_adult_26_years" : "blood",
    "nasal cavity respiratory epithelium epithelial cell of viscerocranial mucosa primary cell" : "lung",
    "nasal_cavity_respiratory_epithelium_epithelial_cell_of_viscerocranial_mucosa_primary_cell" : "lung",
    "natural killer cell" : "blood",
    "natural_killer_primary_cell_male_adult_21_year" : "blood",
    "neural cell" : "brain",
    "neural progenitor cell in vitro differentiated cells" : "brain",
    "neural progenitor cell" : "brain",
    "neural_progenitor_cell_in_vitro_differentiated_cells" : "brain",
    "neural_progenitor_in_vitro_differentiated_cells_derived_from_H9" : "brain",
    "neuroepithelial stem cell" : "stem cell",
    "neuron" : "brain",
    "neuronal stem cell" : "stem cell",
    "neuronal_stem_in_vitro_differentiated_cells_H1_derived" : "ESC",
    "neutrophil" : "blood",
    "non-pigmented ciliary epithelial cell" : "eye",
    "non-pigmented_ciliary_epithelial_primary_cell" : "eye",
    "occipital lobe tissue" : "brain",
    "occipital lobe" : "  brain",
    "occipital_lobe_tissue" : "brain",
    "omental fat pad tissue" : "adipose",
    "omental fat pad" : "adipose",
    "omental_fat_pad_tissue" : "adipose",
    "osteoblast primary cell" : "bone marrow",
    "osteoblast" : "bone",
    "osteoblast_primary_cell" : "bone marrow",
    "osteoblast_primary_cell" : "bone marrow",
    "ovary tissue" : "ovary",
    "ovary" : "ovary",
    "ovary_tissue" : "ovary",
    "pancreas" : "pancreas",
    "pancreas_tissue_male_adult_34_years" : "pancreas",
    "pancreas_tissue_male_adult_54_years_and_male_adult_60_years" : "pancreas",
    "parietal lobe tissue" : "brain",
    "parietal lobe" : "brain",
    "parietal_lobe_tissue" : "brain",
    "pericardium fibroblast primary cell" : "heart",
    "pericardium fibroblast" : "heart",
    "pericardium_fibroblast_primary_cell" : "heart",
    "pericyte cell primary cell" : "blood vessel",
    "pericyte cell" : "blood vessel",
    "pericyte_cell_primary_cell" : "blood vessel",
    "peripheral blood mononuclear cell" : "blood",
    "placenta" : "placenta",
    "placenta_tissue_female_fetal_108_days" : "placenta",
    "placenta_tissue_female_fetal_108_days" : "placenta",
    "placenta_tissue_female_fetal_108_days" : "extraembryonic structure",
    "placental epithelial cell primary cell" : "placenta",
    "placental_epithelial_cell_primary_cell" : "placenta",
    "pons" : "spinal cord",
    "prostate gland tissue" : "prostate",
    "prostate gland" : "prostate",
    "prostate_gland_tissue" : "prostate",
    "psoas muscle" : "muscle",
    "psoas_muscle_tissue_male_adult_34_years" : "muscle",
    "pulmonary artery endothelial cell primary cell" : "blood vessel",
    "pulmonary artery endothelial cell" : "blood vessel",
    "pulmonary_artery_endothelial_cell_primary_cell" : "blood vessel",
    "pulmonary_artery_endothelial_primary_cell_female" : "blood vessel",
    "radial glial cell" : "brain",
    "rectal smooth muscle tissue" : "muscle",
    "rectal_smooth_muscle_tissue_female_adult_50_years" : "muscle",
    "regular cardiac myocyte primary cell" : "heart",
    "regular cardiac myocyte" : "heart",
    "regular_cardiac_myocyte_primary_cell" : "heart",
    "regulatory T cell" : "blood",
    "regulatory_T-lymphocyte_primary_cell_female_adult_35_years" : "blood",
    "regulatory_T-lymphocyte_primary_cell_male_adult_28_years" : "blood",
    "renal cortex interstitium" : "kidney",
    "renal cortical epithelial cell primary cell" : "kidney",
    "renal cortical epithelial cell" : "kidney",
    "renal pelvis" : "kidney",
    "renal_cortical_epithelial_cell_primary_cell" : "kidney",
    "renal_cortical_epithelial_primary_cell" : "kidney",
    "retina" : "eye",
    "retinal pigment epithelial cell" : "eye",
    "retinal_pigment_epithelial_primary_cell" : "eye",
    "right atrium auricular region tissue" : "heart",
    "right cardiac atrium" : "heart",
    "right kidney" : "kidney",
    "right lobe of liver tissue" : "liver",
    "right lobe of liver" : "liver",
    "right lung" : "lung",
    "right renal cortex interstitium" : "kidney",
    "right renal pelvis" : "kidney",
    "right_atrium_auricular_region_tissue" : "heart",
    "right_lobe_of_liver_tissue" : "liver",
    "sigmoid colon tissue" : "intestine",
    "sigmoid colon" : "intestine",
    "sigmoid_colon_tissue" : "intestine",
    "skeletal muscle cell" : "muscle",
    "skeletal muscle myoblast primary cell" : "muscle",
    "skeletal muscle myoblast" : "muscle",
    "skeletal muscle satellite cell primary cell" : "muscle",
    "skeletal muscle satellite cell" : "muscle",
    "skeletal muscle tissue tissue" : "muscle",
    "skeletal muscle tissue" : "muscle",
    "skeletal_muscle_myoblast_primary_cell" : "muscle",
    "skeletal_muscle_primary_cell" : "muscle",
    "skeletal_muscle_satellite_cell_primary_cell" : "muscle",
    "skeletal_muscle_tissue_female_adult_72_years" : "muscle",
    "skeletal_muscle_tissue_female_adult_72_years" : "muscle",
    "skeletal_muscle_tissue_tissue" : "muscle",
    "skin fibroblast" : "fibroblast",
    "skin of body tissue" : "skin",
    "skin of body" : "skin",
    "skin_fibroblast_primary_cell_female_adult_31_year" : "skin",
    "skin_of_body_tissue" : "skin",
    "small intestine" : "intestine",
    "small_intestine_tissue_male_adult_34_years" : "intestine",
    "small_intestine_tissue_male_fetal_108_days" : "intestine",
    "smooth muscle cell in vitro differentiated cells" : "muscle",
    "smooth muscle cell of bladder primary cell" : "bladder",
    "smooth muscle cell of the brain vasculature" : "blood vessel",
    "smooth muscle cell of the coronary artery primary cell" : "blood vessel",
    "smooth muscle cell of the pulmonary artery primary cell" : "blood vessel",
    "smooth muscle cell of the umbilical artery primary cell" : "extraembryonic structure",
    "smooth muscle cell of trachea primary cell" : "lung",
    "smooth muscle cell" : "muscle",
    "smooth_muscle_cell_in_vitro_differentiated_cells" : "muscle",
    "smooth_muscle_cell_of_bladder_primary_cell" : "bladder",
    "smooth_muscle_cell_of_the_coronary_artery_primary_cell" : "blood vessel",
    "smooth_muscle_cell_of_the_pulmonary_artery_primary_cell" : "blood vessel",
    "smooth_muscle_cell_of_the_umbilical_artery_primary_cell" : "extraembryonic structure",
    "smooth_muscle_cell_of_trachea_primary_cell" : "lung",
    "smooth_muscle_of_the_brain_vasculature_primary_cell_female" : "blood vessel",
    "spinal cord tissue" : "spinal cord",
    "spinal cord" : "spinal cord",
    "spinal_cord_tissue" : "spinal cord",
    "spinal_cord_tissue_female_fetal_59_days_and_male_fetal_72_days" : "nervous system",
    "spleen tissue" : "spleen",
    "spleen" : "spleen",
    "spleen_tissue" : "spleen",
    "spleen_tissue_female_adult_20_years_and_female_adult_30_years" : "spleen",
    "stomach smooth muscle" : "stomach",
    "stomach tissue" : "stomach",
    "stomach" : "stomach",
    "stomach_tissue" : "stomach",
    "stomach_tissue_fetal_101_day" : "stomach",
    "stomach_tissue_male_adult_34_years" : "stomach",
    "stromal cell of bone marrow" : "bone marrow",
    "stromal_of_bone_marrow_primary_cell_male" : "bone marrow",
    "subcutaneous abdominal adipose tissue" : "adipose",
    "subcutaneous adipose tissue tissue" : "adipose",
    "subcutaneous adipose tissue" : "adipose",
    "subcutaneous preadipocyte primary cell" : "adipose",
    "subcutaneous preadipocyte" : "adipose",
    "subcutaneous_adipose_tissue_tissue" : "adipose",
    "subcutaneous_preadipocyte_primary_cell" : "adipose",
    "substantia nigra" : "brain",
    "superior temporal gyrus" : "brain",
    "suprapubic skin tissue" : "skin",
    "suprapubic skin" : "skin",
    "suprapubic_skin_tissue" : "skin",
    "temporal lobe tissue" : "brain",
    "temporal lobe" : "brain",
    "temporal_lobe_tissue" : "brain",
    "testis tissue" : "testis",
    "testis" : "testis",
    "testis_tissue" : "testis",
    "thoracic aorta endothelial cell primary cell" : "blood vessel",
    "thoracic aorta tissue" : "blood vessel",
    "thoracic aorta" : "blood vessel",
    "thoracic segment muscle" : "muscle",
    "thoracic_aorta_endothelial_cell_primary_cell" : "blood vessel",
    "thoracic_aorta_tissue" : "blood vessel",
    "thymus" : "thymus",
    "thymus_tissue_female_fetal_98_days" : "thymus",
    "thymus_tissue_female_fetal_98_days" : "thymus",
    "thymus_tissue_female_fetal_98_days" : "thymus",
    "thyroid gland tissue" : "thyroid",
    "thyroid gland" : "thyroid",
    "thyroid_gland_tissue" : "thyroid",
    "tibial nerve tissue" : "nervous system",
    "tibial nerve" : "nervous system",
    "tibial_nerve_tissue" : "nervous system",
    "tongue tissue" : "tongue",
    "tongue" : "tongue",
    "tongue_tissue" : "tongue",
    "tongue_tissue_female_fetal_59_days_and_female_fetal_76_days" : "tongue",
    "tongue_tissue_male_fetal_72_days" : "tongue",
    "tracheal epithelial cell primary cell" : "trachea",
    "tracheal_epithelial_cell_primary_cell" : "trachea",
    "transverse colon tissue" : "intestine",
    "transverse colon" : "intestine",
    "transverse_colon_tissue" : "intestine",
    "trophoblast cell" : "extraembryonic structure",
    "trophoblast_primary_cell_male_embryo" : "extraembryonic structure",
    "trophoblast_primary_cell_male_embryo" : "extraembryonic structure",
    "umbilical cord tissue" : "umbilical cord",
    "umbilical cord" : "umbilical cord",
    "umbilical_cord_tissue" : "umbilical_cord",
    "umbilical_cord_tissue_male_fetal_76_days" : "extraembryonic structure",
    "upper lobe of left lung tissue" : "lung",
    "upper_lobe_of_left_lung_tissue" : "lung",
    "urinary bladder tissue" : "bladder",
    "urinary bladder" : "bladder",
    "urinary_bladder_tissue" : "bladder",
    "urinary_bladder_tissue_male_fetal_76_days" : "bladder",
    "uterine smooth muscle cell primary cell" : "uterus",
    "uterine smooth muscle cell" : "uterus",
    "uterine_smooth_muscle_cell_primary_cell" : "uterus",
    "uterus tissue" : "uterus",
    "uterus" : "uterus",
    "uterus_tissue" : "uterus",
    "vagina tissue" : "vagina",
    "vagina" : "vagina",
    "vagina_tissue" : "vagina",
    "vein endothelial cell primary cell" : "blood vessel",
    "vein_endothelial_cell_primary_cell" : "blood vessel",
    "SUDHL6" :"blood",
    "esophagus muscularis mucosa" : "esophagus",
    "mid-neurogenesis radial glial cells" : "brain",
    "cerebellar cortex" : "brain",
    "iPS-18a" : "iPSC",
    "bronchus fibroblast of lung" : "lung",
    "camera-type eye" : "eye",
    "cardiac atrium fibroblast" : "heart",
    "cardiac ventricle fibroblast" : "heart",
    "cerebellum" : "brain",
    "diencephalon" : "brain",
    "endometrial microvascular endothelial cells" : "uterus",
    "epithelial cell of alveolus of lung" : "lung",
    "frontal cortex" : "brain",
    "hair follicular keratinocyte" : "hair",
    "lower leg skin" : "skin",
    "mammary microvascular endothelial cell" : "breast",
    "metanephros" : "kidney",
    "right atrium auricular region" : "heart",
    "upper lobe of left lung" : "lung"
}
